AGE,LEAVES_USED,LEAVES_REMAINING,RATINGS,PAST_EXP,TENURE,SEX_M,DESIGNATION_Associate,DESIGNATION_Director,DESIGNATION_Manager,DESIGNATION_Senior Analyst,DESIGNATION_Senior Manager,UNIT_IT,UNIT_Management,UNIT_Marketing,UNIT_Operations,UNIT_Web,SALARY
26.0,20.0,10.0,3.0,2.0,2.513347022587269,1,0,0,0,1,0,0,0,0,1,0,53535
24.0,26.0,4.0,4.0,0.0,3.3210130047912387,0,0,0,0,0,0,0,0,0,0,0,48981
21.0,15.0,15.0,4.0,0.0,1.6454483230663928,0,0,0,0,0,0,0,0,0,1,0,44281
22.0,19.0,11.0,4.0,0.0,2.2587268993839835,1,0,0,0,0,0,0,0,0,0,1,44478
21.0,19.0,11.0,3.0,0.0,2.2642026009582477,1,0,0,0,0,0,0,1,0,0,0,40095
21.0,15.0,15.0,4.0,0.0,2.406570841889117,0,0,0,0,0,0,0,0,0,0,1,40720
22.0,20.0,10.0,4.0,0.0,2.004106776180698,0,0,0,0,0,0,0,0,0,0,0,49868
25.0,20.0,10.0,5.0,2.0,2.9103353867214237,1,0,0,0,0,0,0,0,0,0,1,43438
21.0,27.0,3.0,3.0,0.0,2.4750171115674195,0,0,0,0,0,0,1,0,0,0,0,41966
22.0,15.0,15.0,3.0,0.0,2.8254620123203287,1,0,0,0,0,0,0,0,0,0,1,45148
22.0,24.0,6.0,2.0,0.0,1.7932922655715264,0,0,0,0,0,0,0,0,0,0,1,42997
22.0,25.0,5.0,5.0,0.0,1.5496235455167693,1,0,0,0,0,0,0,0,1,0,0,46479
25.0,20.0,10.0,2.0,2.0,2.1492128678986995,1,0,0,0,0,0,0,1,0,0,0,40060
25.0,20.0,10.0,5.0,3.0,1.7741273100616017,0,0,0,0,0,0,0,0,0,0,1,45128
26.0,27.0,3.0,3.0,0.0,4.399726214921286,1,0,0,0,1,0,0,0,1,0,0,52792
23.0,23.0,7.0,5.0,0.0,2.3107460643394937,1,0,0,0,0,0,1,0,0,0,0,49712
25.0,28.0,2.0,4.0,2.0,2.3737166324435317,1,0,0,0,0,0,0,0,0,1,0,49764
32.0,21.0,9.0,4.0,9.0,2.746064339493498,0,1,0,0,0,0,0,0,0,0,1,72359
25.0,23.0,7.0,4.0,2.0,2.8199863107460645,1,0,0,0,0,0,0,0,0,0,0,48268
23.0,20.0,10.0,4.0,1.0,1.7960301163586585,1,0,0,0,0,0,0,0,0,0,0,45606
25.0,19.0,11.0,5.0,2.0,2.209445585215606,0,0,0,0,0,0,0,0,1,0,0,40553
25.0,19.0,11.0,4.0,2.0,2.64476386036961,1,0,0,0,0,0,0,0,0,1,0,49499
22.0,19.0,11.0,3.0,0.0,1.7221081451060918,1,0,0,0,0,0,0,0,0,0,1,43353
23.0,24.0,6.0,4.0,1.0,1.5742642026009583,1,0,0,0,0,0,1,0,0,0,0,41760
22.0,15.0,15.0,5.0,0.0,2.425735797399042,0,0,0,0,0,0,1,0,0,0,0,48161
25.0,30.0,0.0,4.0,2.0,2.3381245722108144,1,0,0,0,0,0,0,0,0,1,0,43125
23.0,16.0,14.0,4.0,1.0,1.83709787816564,1,0,0,0,0,0,0,0,1,0,0,46690
27.0,28.0,2.0,2.0,0.0,3.7262149212867897,0,0,0,0,1,0,0,1,0,0,0,50393
28.0,22.0,8.0,5.0,0.0,3.8521560574948666,0,0,0,0,1,0,0,0,1,0,0,61787
21.0,28.0,2.0,3.0,0.0,3.403148528405202,0,0,0,0,0,0,0,0,0,1,0,44948
28.0,26.0,4.0,2.0,4.0,1.568788501026694,0,1,0,0,0,0,0,0,0,0,0,82388
24.0,20.0,10.0,4.0,0.0,3.293634496919918,1,0,0,0,0,0,0,0,1,0,0,47465
25.0,26.0,4.0,4.0,1.0,3.2005475701574264,0,0,0,0,0,0,0,0,0,0,1,42096
25.0,25.0,5.0,4.0,2.0,2.414784394250513,0,0,0,0,0,0,0,0,0,0,1,49046
23.0,18.0,12.0,2.0,0.0,2.4421629021218343,1,0,0,0,0,0,0,0,0,0,0,41899
25.0,26.0,4.0,3.0,2.0,2.3709787816563996,1,0,0,0,0,0,0,0,0,1,0,49785
24.0,19.0,11.0,5.0,1.0,2.7980835044490076,0,0,0,0,0,0,0,1,0,0,0,49368
23.0,25.0,5.0,2.0,0.0,2.6967830253251197,1,0,0,0,0,0,0,1,0,0,0,40045
22.0,29.0,1.0,2.0,0.0,2.921286789869952,1,0,0,0,0,0,0,0,1,0,0,40562
24.0,19.0,11.0,5.0,0.0,3.356605065023956,1,0,0,0,0,0,0,0,0,1,0,41506
24.0,24.0,6.0,3.0,2.0,1.5359342915811087,0,0,0,0,0,0,0,1,0,0,0,46291
34.0,30.0,0.0,5.0,8.0,5.675564681724846,1,0,0,1,0,0,0,1,0,0,0,112580
24.0,21.0,9.0,3.0,2.0,1.4428473648186173,0,0,0,0,0,0,1,0,0,0,0,48436
25.0,29.0,1.0,3.0,1.0,3.1129363449691994,0,0,0,0,0,0,0,0,0,0,0,41834
24.0,18.0,12.0,3.0,0.0,3.3182751540041067,1,0,0,0,0,0,0,0,0,0,0,49530
23.0,20.0,10.0,5.0,1.0,1.4976043805612593,1,0,0,0,0,0,1,0,0,0,0,40413
24.0,15.0,15.0,3.0,2.0,1.7604380561259412,0,0,0,0,0,0,0,0,1,0,0,45950
23.0,26.0,4.0,3.0,1.0,1.8042436687200547,1,0,0,0,0,0,0,0,0,1,0,49081
24.0,29.0,1.0,5.0,1.0,2.5845311430527036,0,0,0,0,0,0,0,1,0,0,0,42066
28.0,22.0,8.0,4.0,1.0,4.139630390143737,1,0,0,0,1,0,0,1,0,0,0,51084
25.0,24.0,6.0,3.0,1.0,3.460643394934976,1,0,0,0,0,0,0,0,0,0,0,44354
30.0,24.0,6.0,5.0,3.0,3.701574264202601,0,1,0,0,0,0,0,0,0,1,0,87166
25.0,29.0,1.0,3.0,2.0,2.0725530458590007,0,0,0,0,0,0,0,0,1,0,0,41109
27.0,28.0,2.0,4.0,3.0,2.0944558521560577,1,0,0,0,1,0,0,1,0,0,0,51240
21.0,28.0,2.0,2.0,0.0,2.0944558521560577,0,0,0,0,0,0,0,0,1,0,0,44467
21.0,16.0,14.0,2.0,0.0,2.1738535249828885,0,0,0,0,0,0,0,0,1,0,0,47104
25.0,17.0,13.0,5.0,3.0,1.8672142368240932,0,0,0,0,0,0,1,0,0,0,0,40270
24.0,21.0,9.0,2.0,0.0,3.0636550308008212,1,0,0,0,0,0,0,0,0,1,0,48581
24.0,28.0,2.0,3.0,1.0,2.0725530458590007,0,0,0,0,0,0,0,0,0,1,0,42952
24.0,19.0,11.0,4.0,1.0,2.6639288158795345,1,0,0,0,0,0,0,0,1,0,0,43415
25.0,24.0,6.0,2.0,2.0,2.757015742642026,0,0,0,0,0,0,0,0,0,1,0,48541
25.0,20.0,10.0,3.0,1.0,2.7214236824093088,1,0,0,0,1,0,0,0,0,0,0,66820
25.0,22.0,8.0,5.0,2.0,2.7186858316221767,0,0,0,0,0,0,1,0,0,0,0,47464
23.0,19.0,11.0,2.0,0.0,3.058179329226557,0,0,0,0,0,0,0,0,0,0,1,48356
24.0,20.0,10.0,5.0,0.0,3.0390143737166326,1,0,0,0,0,0,0,1,0,0,0,47985
23.0,29.0,1.0,3.0,0.0,3.4442162902121836,1,0,0,0,0,0,1,0,0,0,0,42056
25.0,25.0,5.0,2.0,0.0,3.7344284736481863,0,0,0,0,1,0,0,1,0,0,0,60307
23.0,17.0,13.0,3.0,0.0,1.9822039698836413,1,0,0,0,0,0,0,0,0,0,0,49318
28.0,22.0,8.0,4.0,1.0,2.1245722108145104,0,0,0,0,1,0,0,0,0,1,0,65267
24.0,28.0,2.0,5.0,1.0,2.855578370978782,1,0,0,0,0,0,0,1,0,0,0,46471
26.0,23.0,7.0,5.0,3.0,2.1190965092402463,1,0,0,0,1,0,0,1,0,0,0,67582
25.0,23.0,7.0,3.0,2.0,2.321697467488022,0,0,0,0,0,0,0,0,0,1,0,49942
23.0,17.0,13.0,3.0,0.0,2.5489390828199863,0,0,0,0,0,0,0,0,0,0,0,45349
25.0,21.0,9.0,2.0,0.0,3.572895277207392,0,0,0,0,1,0,0,0,0,0,0,59425
22.0,25.0,5.0,2.0,0.0,2.8856947296372346,1,0,0,0,0,0,0,0,0,1,0,41705
28.0,20.0,10.0,3.0,1.0,5.429158110882957,1,1,0,0,0,0,0,0,1,0,0,99505
25.0,21.0,9.0,3.0,3.0,1.5222450376454484,1,0,0,0,1,0,1,0,0,0,0,60990
22.0,20.0,10.0,4.0,0.0,2.7624914442162902,0,0,0,0,0,0,0,0,0,0,0,45538
24.0,19.0,11.0,3.0,0.0,3.455167693360712,1,0,0,0,0,0,0,0,0,0,0,43070
23.0,23.0,7.0,3.0,0.0,2.0561259411362083,0,0,0,0,0,0,0,0,0,0,0,45022
33.0,24.0,6.0,2.0,4.0,6.080766598220397,0,0,0,1,0,0,0,0,0,0,0,119570
25.0,15.0,15.0,2.0,2.0,2.3600273785078714,0,0,0,0,0,0,0,0,0,0,0,43066
26.0,21.0,9.0,2.0,2.0,3.8220396988364134,0,0,0,0,1,0,0,0,0,0,1,58051
22.0,28.0,2.0,2.0,0.0,2.6009582477754964,1,0,0,0,0,0,0,0,0,0,1,46367
25.0,20.0,10.0,3.0,2.0,2.2532511978097194,1,0,0,0,0,0,0,0,0,1,0,47961
25.0,16.0,14.0,2.0,0.0,2.729637234770705,1,0,0,0,1,0,0,0,0,1,0,68996
23.0,17.0,13.0,5.0,0.0,3.4168377823408624,0,0,0,0,0,0,0,1,0,0,0,45525
22.0,24.0,6.0,3.0,0.0,2.9815195071868583,1,0,0,0,0,0,1,0,0,0,0,45013
34.0,19.0,11.0,5.0,6.0,5.6591375770020536,1,0,0,1,0,0,0,0,0,0,1,139615
33.0,15.0,15.0,2.0,7.0,4.950034223134839,0,0,0,1,0,0,0,0,0,0,0,129305
24.0,30.0,0.0,2.0,2.0,1.6043805612594113,1,0,0,0,0,0,0,0,1,0,0,41412
21.0,21.0,9.0,2.0,0.0,3.2251882272416155,0,0,0,0,0,0,0,0,0,0,1,47754
23.0,17.0,13.0,4.0,0.0,2.00684462696783,0,0,0,0,0,0,1,0,0,0,0,46207
22.0,22.0,8.0,3.0,0.0,2.48870636550308,1,0,0,0,0,0,0,0,0,0,0,45689
21.0,19.0,11.0,3.0,0.0,1.9548254620123204,0,0,0,0,0,0,1,0,0,0,0,40041
24.0,18.0,12.0,4.0,2.0,1.593429158110883,1,0,0,0,0,0,1,0,0,0,0,40927
25.0,24.0,6.0,2.0,3.0,1.4537987679671458,1,0,0,0,0,0,1,0,0,0,0,40261
26.0,18.0,12.0,2.0,0.0,2.2751540041067764,0,0,0,0,1,0,0,0,0,0,1,59262
35.0,22.0,8.0,3.0,10.0,4.117727583846681,0,0,0,0,0,1,0,1,0,0,0,169300
22.0,30.0,0.0,4.0,0.0,2.11088295687885,1,0,0,0,0,0,1,0,0,0,0,44506
22.0,21.0,9.0,4.0,0.0,2.1765913757700206,0,0,0,0,0,0,0,0,0,1,0,48747
21.0,22.0,8.0,2.0,0.0,2.510609171800137,0,0,0,0,0,0,0,0,0,0,0,46507
24.0,23.0,7.0,4.0,0.0,3.4140999315537304,0,0,0,0,0,0,0,1,0,0,0,42250
21.0,20.0,10.0,5.0,0.0,2.7186858316221767,0,0,0,0,0,0,0,0,1,0,0,47134
25.0,26.0,4.0,5.0,1.0,3.058179329226557,0,0,0,0,0,0,0,0,0,1,0,48366
24.0,26.0,4.0,5.0,2.0,1.9028062970568105,0,0,0,0,0,0,0,1,0,0,0,42583
24.0,20.0,10.0,2.0,1.0,2.5845311430527036,1,0,0,0,0,0,0,0,1,0,0,47598
25.0,28.0,2.0,5.0,3.0,1.9247091033538672,1,0,0,0,0,0,0,0,1,0,0,44566
23.0,20.0,10.0,4.0,0.0,2.926762491444216,0,0,0,0,0,0,0,0,1,0,0,45755
23.0,22.0,8.0,5.0,1.0,1.754962354551677,1,0,0,0,0,0,0,0,0,0,1,41701
35.0,30.0,0.0,4.0,6.0,5.23750855578371,1,0,0,1,0,0,0,0,0,0,1,129107
23.0,19.0,11.0,3.0,0.0,2.3436002737850785,1,0,0,0,0,0,1,0,0,0,0,40183
25.0,25.0,5.0,2.0,2.0,1.9931553730321698,1,0,0,0,0,0,0,0,0,0,0,47257
25.0,15.0,15.0,4.0,3.0,1.730321697467488,0,0,0,0,0,0,0,0,0,0,0,47786
27.0,26.0,4.0,3.0,1.0,3.2306639288158796,0,0,0,0,1,0,0,0,0,0,1,64636
26.0,28.0,2.0,2.0,0.0,3.969883641341547,0,0,0,0,1,0,0,0,1,0,0,63008
24.0,30.0,0.0,4.0,2.0,1.4729637234770705,1,0,0,0,0,0,0,0,0,1,0,43464
32.0,26.0,4.0,4.0,6.0,2.2861054072553046,0,1,0,0,0,0,0,1,0,0,0,97684
28.0,16.0,14.0,3.0,3.0,1.757700205338809,1,0,0,0,1,0,0,1,0,0,0,54514
36.0,29.0,1.0,4.0,14.0,1.702943189596167,0,0,0,0,0,1,0,0,1,0,0,197900
23.0,19.0,11.0,2.0,0.0,2.3901437371663246,1,0,0,0,0,0,0,0,0,0,0,47305
24.0,19.0,11.0,3.0,0.0,3.3319644079397674,0,0,0,0,0,0,0,0,0,0,0,47458
25.0,17.0,13.0,4.0,2.0,2.1683778234086244,0,0,0,0,0,0,0,0,0,1,0,43909
22.0,28.0,2.0,2.0,0.0,2.8720054757015743,0,0,0,0,0,0,0,1,0,0,0,49686
25.0,18.0,12.0,2.0,3.0,1.7713894592744694,1,0,0,0,0,0,1,0,0,0,0,44496
24.0,19.0,11.0,5.0,0.0,3.378507871321013,1,0,0,0,0,0,0,0,0,0,0,47982
35.0,26.0,4.0,5.0,9.0,5.724845995893224,0,0,0,0,0,1,0,0,0,1,0,167378
28.0,29.0,1.0,2.0,2.0,3.5373032169746748,0,0,0,0,1,0,1,0,0,0,0,62659
23.0,30.0,0.0,4.0,0.0,2.9869952087611225,0,0,0,0,0,0,0,0,0,1,0,49026
23.0,28.0,2.0,3.0,1.0,1.5550992470910336,0,0,0,0,0,0,0,0,0,1,0,45374
23.0,15.0,15.0,5.0,1.0,1.9548254620123204,0,0,0,0,0,0,0,0,0,1,0,45379
38.0,21.0,9.0,4.0,7.0,5.987679671457905,0,0,0,0,0,1,1,0,0,0,0,196757
25.0,19.0,11.0,4.0,2.0,2.7953456536618755,1,0,0,0,0,0,0,0,0,0,1,46723
22.0,30.0,0.0,2.0,0.0,2.915811088295688,1,0,0,0,0,0,0,0,0,1,0,46741
22.0,18.0,12.0,5.0,0.0,2.088980150581793,0,0,0,0,0,0,0,0,0,0,0,43951
24.0,17.0,13.0,2.0,2.0,1.78507871321013,1,0,0,0,0,0,0,0,1,0,0,49176
23.0,26.0,4.0,3.0,0.0,3.277207392197125,1,0,0,0,0,0,0,0,0,0,0,48364
23.0,30.0,0.0,2.0,1.0,1.7138945927446954,1,0,0,0,0,0,0,0,0,0,0,49095
23.0,26.0,4.0,5.0,1.0,1.6673511293634498,0,0,0,0,0,0,1,0,0,0,0,49052
23.0,16.0,14.0,4.0,0.0,2.2313483915126624,1,0,0,0,0,0,0,0,0,1,0,41455
22.0,19.0,11.0,4.0,0.0,3.077344284736482,0,0,0,0,0,0,0,0,0,0,1,43472
25.0,16.0,14.0,5.0,1.0,2.9869952087611225,1,0,0,0,0,0,0,1,0,0,0,46566
26.0,23.0,7.0,4.0,1.0,2.1601642710472277,1,0,0,0,1,0,0,1,0,0,0,52355
23.0,20.0,10.0,4.0,1.0,1.891854893908282,1,0,0,0,0,0,0,0,1,0,0,42981
25.0,25.0,5.0,4.0,2.0,2.3956194387405887,0,0,0,0,0,0,0,0,1,0,0,49466
22.0,21.0,9.0,5.0,0.0,2.5598904859685145,1,0,0,0,0,0,0,0,0,0,0,49140
26.0,27.0,3.0,2.0,1.0,4.380561259411362,0,0,0,0,1,0,0,0,0,1,0,63882
21.0,16.0,14.0,3.0,0.0,3.4387405886379194,0,0,0,0,0,0,0,0,1,0,0,43677
34.0,30.0,0.0,4.0,8.0,3.909650924024641,1,0,0,1,0,0,1,0,0,0,0,117726
24.0,28.0,2.0,3.0,1.0,2.088980150581793,0,0,0,0,0,0,0,0,0,1,0,40820
31.0,29.0,1.0,2.0,6.0,3.5236139630390144,1,1,0,0,0,0,0,0,0,0,1,86993
28.0,20.0,10.0,2.0,3.0,3.5811088295687883,1,0,0,0,1,0,0,0,1,0,0,59310
23.0,29.0,1.0,3.0,0.0,2.3655030800821355,1,0,0,0,0,0,1,0,0,0,0,49265
21.0,21.0,9.0,4.0,0.0,2.5489390828199863,0,0,0,0,0,0,1,0,0,0,0,41748
27.0,24.0,6.0,5.0,2.0,3.2197125256673513,0,0,0,0,1,0,0,0,0,1,0,51277
24.0,22.0,8.0,3.0,1.0,2.5598904859685145,0,0,0,0,0,0,0,0,0,1,0,46499
24.0,27.0,3.0,2.0,2.0,1.8863791923340179,1,0,0,0,0,0,1,0,0,0,0,42791
32.0,22.0,8.0,5.0,5.0,2.138261464750171,0,0,0,1,0,0,1,0,0,0,0,126181
21.0,22.0,8.0,3.0,0.0,2.0616016427104724,0,0,0,0,0,0,1,0,0,0,0,40244
22.0,21.0,9.0,3.0,0.0,3.2279260780287475,1,0,0,0,0,0,0,0,0,0,1,42943
24.0,27.0,3.0,2.0,0.0,3.1759069130732374,1,0,0,0,0,0,0,0,0,1,0,41705
22.0,27.0,3.0,4.0,0.0,3.4496919917864477,0,0,0,0,0,0,1,0,0,0,0,42398
25.0,20.0,10.0,2.0,2.0,2.8884325804243667,0,0,0,0,0,0,0,0,0,0,0,42886
21.0,26.0,4.0,2.0,0.0,3.252566735112936,1,0,0,0,0,0,1,0,0,0,0,46170
22.0,21.0,9.0,2.0,0.0,2.647501711156742,1,0,0,0,0,0,0,0,0,0,1,49108
24.0,21.0,9.0,3.0,1.0,2.0506502395619437,1,0,0,0,0,0,0,0,0,1,0,41819
25.0,16.0,14.0,3.0,3.0,1.7056810403832992,0,0,0,0,0,0,1,0,0,0,0,48903
27.0,27.0,3.0,3.0,3.0,1.8453114305270362,1,0,0,0,1,0,0,0,0,0,1,53406
28.0,28.0,2.0,2.0,1.0,4.0219028062970565,0,0,0,0,1,0,0,0,0,0,0,65927
32.0,16.0,14.0,5.0,7.0,2.4804928131416837,0,1,0,0,0,0,0,0,0,0,1,92074
25.0,25.0,5.0,4.0,3.0,1.483915126625599,1,0,0,0,0,0,0,0,0,1,0,44888
23.0,24.0,6.0,3.0,0.0,2.0917180013689256,0,0,0,0,0,0,0,1,0,0,0,41037
24.0,26.0,4.0,2.0,1.0,2.863791923340178,1,0,0,0,0,0,0,0,0,0,0,46791
39.0,20.0,10.0,3.0,17.0,1.8206707734428473,0,0,0,0,0,1,1,0,0,0,0,191793
23.0,27.0,3.0,4.0,1.0,1.5770020533880904,1,0,0,0,0,0,0,0,0,1,0,43924
32.0,28.0,2.0,5.0,7.0,2.8993839835728954,0,0,0,1,0,0,0,0,0,1,0,130749
25.0,29.0,1.0,5.0,2.0,2.6365503080082138,0,0,0,0,0,0,0,0,0,1,0,41921
24.0,23.0,7.0,2.0,1.0,2.028747433264887,1,0,0,0,0,0,0,0,0,0,0,45217
21.0,21.0,9.0,3.0,0.0,3.3648186173853527,0,0,0,0,0,0,0,0,0,0,1,48661
25.0,27.0,3.0,2.0,0.0,3.058179329226557,0,0,0,0,1,0,0,0,0,0,0,60159
32.0,23.0,7.0,5.0,5.0,2.1519507186858315,0,0,0,1,0,0,0,0,0,0,0,124060
44.0,24.0,6.0,5.0,13.0,6.954140999315538,1,0,1,0,0,0,0,0,0,0,1,294564
24.0,18.0,12.0,4.0,1.0,2.869267624914442,1,0,0,0,0,0,0,0,0,1,0,42289
22.0,30.0,0.0,4.0,0.0,1.6673511293634498,1,0,0,0,0,0,0,0,1,0,0,42723
25.0,15.0,15.0,4.0,1.0,3.485284052019165,0,0,0,0,0,0,0,1,0,0,0,40113
31.0,17.0,13.0,5.0,1.0,5.1827515400410675,1,1,0,0,0,0,0,0,0,0,1,78274
21.0,27.0,3.0,2.0,0.0,3.4223134839151266,1,0,0,0,0,0,0,0,0,1,0,43036
21.0,23.0,7.0,2.0,0.0,2.751540041067762,0,0,0,0,0,0,0,0,1,0,0,45621
23.0,20.0,10.0,2.0,0.0,2.3381245722108144,1,0,0,0,0,0,1,0,0,0,0,46752
24.0,27.0,3.0,5.0,0.0,3.436002737850787,0,0,0,0,0,0,0,0,0,0,1,44054
25.0,18.0,12.0,3.0,2.0,2.915811088295688,0,0,0,0,0,0,1,0,0,0,0,45128
22.0,22.0,8.0,2.0,0.0,1.78507871321013,1,0,0,0,0,0,0,0,0,1,0,40001
25.0,17.0,13.0,4.0,2.0,2.116358658453114,0,0,0,0,0,0,1,0,0,0,0,49968
26.0,21.0,9.0,5.0,0.0,3.3429158110882957,0,0,0,0,1,0,0,0,1,0,0,65316
28.0,17.0,13.0,2.0,1.0,2.757015742642026,0,1,0,0,0,0,0,0,0,0,1,94962
22.0,29.0,1.0,2.0,0.0,1.6837782340862424,0,0,0,0,0,0,0,1,0,0,0,45059
23.0,24.0,6.0,3.0,0.0,2.759753593429158,1,0,0,0,0,0,0,0,1,0,0,42793
25.0,24.0,6.0,4.0,1.0,3.1731690622861053,0,0,0,0,0,0,0,0,0,1,0,48470
23.0,22.0,8.0,5.0,1.0,1.88911704312115,0,0,0,0,0,0,1,0,0,0,0,41421
30.0,20.0,10.0,4.0,6.0,2.537987679671458,0,1,0,0,0,0,0,0,1,0,0,87011
22.0,30.0,0.0,2.0,0.0,1.8261464750171115,0,0,0,0,0,0,0,0,0,1,0,45371
23.0,21.0,9.0,2.0,0.0,3.189596167008898,0,0,0,0,0,0,0,0,0,1,0,42250
25.0,18.0,12.0,2.0,3.0,1.8836413415468858,1,0,0,0,0,0,0,0,1,0,0,46956
22.0,19.0,11.0,2.0,0.0,1.8507871321013005,0,0,0,0,0,0,0,0,1,0,0,45054
25.0,21.0,9.0,2.0,2.0,2.650239561943874,1,0,0,0,0,0,0,1,0,0,0,47893
22.0,16.0,14.0,4.0,0.0,3.2251882272416155,1,0,0,0,0,0,0,0,1,0,0,48101
22.0,29.0,1.0,4.0,0.0,1.919233401779603,0,0,0,0,0,0,0,0,0,0,0,43418
23.0,24.0,6.0,4.0,0.0,3.4962354551676933,0,0,0,0,0,0,0,0,1,0,0,45481
26.0,15.0,15.0,2.0,0.0,2.485968514715948,1,0,0,0,1,0,0,0,0,0,1,67194
23.0,20.0,10.0,5.0,1.0,1.842573579739904,1,0,0,0,0,0,0,0,1,0,0,49101
34.0,27.0,3.0,4.0,9.0,1.4921286789869952,1,0,0,1,0,0,0,0,0,0,0,114337
24.0,20.0,10.0,4.0,2.0,1.6317590691307324,0,0,0,0,0,0,0,0,0,0,1,45604
28.0,23.0,7.0,5.0,3.0,1.4373716632443532,1,0,0,0,1,0,0,1,0,0,0,68446
25.0,28.0,2.0,3.0,1.0,3.2005475701574264,1,0,0,0,0,0,0,0,0,0,1,40460
22.0,24.0,6.0,2.0,0.0,2.746064339493498,1,0,0,0,0,0,1,0,0,0,0,41227
26.0,23.0,7.0,2.0,0.0,2.1711156741957565,1,0,0,0,1,0,1,0,0,0,0,58872
21.0,25.0,5.0,2.0,0.0,2.5872689938398357,0,0,0,0,0,0,0,1,0,0,0,49030
22.0,19.0,11.0,2.0,0.0,3.274469541409993,1,0,0,0,0,0,0,0,0,1,0,49644
23.0,19.0,11.0,4.0,0.0,2.737850787132101,1,0,0,0,0,0,1,0,0,0,0,48185
23.0,21.0,9.0,5.0,0.0,2.518822724161533,1,0,0,0,0,0,0,0,0,1,0,47080
21.0,19.0,11.0,4.0,0.0,2.5489390828199863,1,0,0,0,0,0,0,0,0,1,0,46644
36.0,18.0,12.0,2.0,8.0,3.7234770704996576,0,0,0,0,0,1,0,0,0,0,0,181470
27.0,21.0,9.0,3.0,2.0,1.45927446954141,1,0,0,0,1,0,0,0,0,0,1,64798
21.0,25.0,5.0,5.0,0.0,2.193018480492813,1,0,0,0,0,0,1,0,0,0,0,44397
25.0,20.0,10.0,3.0,3.0,1.568788501026694,1,0,0,0,0,0,0,0,0,0,0,47649
35.0,25.0,5.0,3.0,11.0,2.6584531143052703,0,0,0,1,0,0,0,0,0,1,0,129017
22.0,23.0,7.0,3.0,0.0,1.7659137577002053,0,0,0,0,0,0,0,1,0,0,0,44919
25.0,19.0,11.0,2.0,2.0,2.4722792607802875,1,0,0,0,0,0,0,0,0,0,0,47903
26.0,30.0,0.0,5.0,2.0,2.8856947296372346,0,0,0,0,1,0,0,0,0,0,0,66661
22.0,18.0,12.0,4.0,0.0,1.4401095140314852,0,0,0,0,0,0,0,0,0,1,0,40479
22.0,25.0,5.0,2.0,0.0,2.5489390828199863,1,0,0,0,0,0,0,0,0,1,0,42673
29.0,28.0,2.0,3.0,2.0,3.1485284052019167,1,1,0,0,0,0,0,0,1,0,0,93073
24.0,27.0,3.0,4.0,0.0,3.189596167008898,1,0,0,0,0,0,0,0,0,1,0,41514
25.0,24.0,6.0,5.0,0.0,3.263518138261465,1,0,0,0,1,0,0,0,1,0,0,51423
24.0,18.0,12.0,5.0,2.0,1.9575633127994525,0,0,0,0,0,0,0,0,0,1,0,46988
26.0,28.0,2.0,4.0,1.0,2.855578370978782,0,0,0,0,1,0,0,0,0,0,1,64060
35.0,27.0,3.0,3.0,6.0,4.635181382614648,0,0,0,0,0,1,1,0,0,0,0,197526
24.0,19.0,11.0,2.0,1.0,2.861054072553046,1,0,0,0,0,0,0,0,1,0,0,46762
25.0,24.0,6.0,5.0,2.0,2.9021218343600275,1,0,0,0,0,0,0,0,0,1,0,45435
23.0,23.0,7.0,2.0,0.0,3.0910335386721424,0,0,0,0,0,0,0,0,0,0,0,49437
28.0,25.0,5.0,5.0,2.0,4.227241615331964,0,1,0,0,0,0,0,0,1,0,0,70567
24.0,22.0,8.0,2.0,0.0,3.052703627652293,1,0,0,0,0,0,0,1,0,0,0,40340
28.0,24.0,6.0,3.0,0.0,3.7371663244353184,0,0,0,0,1,0,0,0,0,1,0,69316
21.0,29.0,1.0,2.0,0.0,2.3353867214236823,0,0,0,0,0,0,0,1,0,0,0,42148
22.0,27.0,3.0,2.0,0.0,2.746064339493498,0,0,0,0,0,0,0,0,1,0,0,40357
23.0,22.0,8.0,2.0,1.0,1.8480492813141685,0,0,0,0,0,0,1,0,0,0,0,43343
24.0,29.0,1.0,2.0,0.0,3.268993839835729,0,0,0,0,0,0,0,0,0,1,0,46822
24.0,15.0,15.0,4.0,2.0,1.88911704312115,1,0,0,0,0,0,0,0,0,0,0,46326
21.0,21.0,9.0,5.0,0.0,2.6009582477754964,0,0,0,0,0,0,0,0,0,0,0,47769
21.0,29.0,1.0,5.0,0.0,3.1485284052019167,0,0,0,0,0,0,0,0,0,1,0,43669
26.0,22.0,8.0,2.0,0.0,4.328542094455853,0,0,0,0,1,0,0,0,0,0,0,50343
22.0,15.0,15.0,3.0,0.0,2.130047912388775,1,0,0,0,0,0,1,0,0,0,0,46227
21.0,17.0,13.0,4.0,0.0,2.0177960301163584,0,0,0,0,0,0,0,0,1,0,0,42277
25.0,25.0,5.0,4.0,2.0,2.2286105407255303,0,0,0,0,0,0,1,0,0,0,0,40271
25.0,16.0,14.0,2.0,2.0,2.3326488706365502,0,0,0,0,0,0,0,0,0,0,1,46519
25.0,29.0,1.0,3.0,2.0,2.6995208761122518,0,0,0,0,1,0,0,0,0,1,0,62673
29.0,29.0,1.0,3.0,4.0,4.65160848733744,0,1,0,0,0,0,0,1,0,0,0,92453
22.0,27.0,3.0,3.0,0.0,1.9739904175222451,0,0,0,0,0,0,0,1,0,0,0,48682
21.0,29.0,1.0,2.0,0.0,2.0971937029431897,1,0,0,0,0,0,1,0,0,0,0,43246
22.0,19.0,11.0,4.0,0.0,1.7905544147843941,1,0,0,0,0,0,0,1,0,0,0,41035
30.0,29.0,1.0,4.0,0.0,5.062286105407256,0,1,0,0,0,0,0,0,1,0,0,96478
25.0,18.0,12.0,4.0,2.0,2.3655030800821355,0,0,0,0,0,0,0,0,0,1,0,43272
23.0,19.0,11.0,5.0,0.0,3.2799452429842573,0,0,0,0,0,0,0,0,1,0,0,42864
35.0,28.0,2.0,5.0,8.0,5.415468856947296,1,0,0,1,0,0,0,1,0,0,0,135858
26.0,24.0,6.0,5.0,1.0,3.759069130732375,0,0,0,0,1,0,0,0,0,1,0,60014
21.0,29.0,1.0,2.0,0.0,3.3018480492813143,0,0,0,0,0,0,0,0,1,0,0,45410
24.0,20.0,10.0,4.0,2.0,1.8015058179329226,1,0,0,0,0,0,1,0,0,0,0,42440
26.0,30.0,0.0,2.0,0.0,2.1656399726214923,0,0,0,0,1,0,1,0,0,0,0,65875
25.0,27.0,3.0,3.0,1.0,3.164955509924709,1,0,0,0,0,0,0,0,0,1,0,46322
25.0,16.0,14.0,2.0,0.0,4.238193018480493,1,0,0,0,1,0,0,0,0,1,0,62960
22.0,15.0,15.0,4.0,0.0,1.5742642026009583,0,0,0,0,0,0,0,0,0,1,0,41673
25.0,22.0,8.0,4.0,1.0,3.3374401095140316,0,0,0,0,0,0,0,0,1,0,0,40219
22.0,30.0,0.0,4.0,0.0,2.8035592060232717,0,0,0,0,0,0,1,0,0,0,0,40975
23.0,29.0,1.0,4.0,0.0,3.143052703627652,0,0,0,0,0,0,0,0,0,1,0,42140
22.0,30.0,0.0,5.0,0.0,2.6776180698151952,1,0,0,0,0,0,0,0,0,1,0,49618
27.0,18.0,12.0,2.0,0.0,2.439425051334702,0,0,0,0,1,0,0,0,0,0,1,60827
23.0,29.0,1.0,4.0,1.0,1.462012320328542,0,0,0,0,0,0,0,0,0,0,1,46343
25.0,19.0,11.0,3.0,2.0,2.6885694729637235,1,0,0,0,0,0,0,1,0,0,0,42826
24.0,25.0,5.0,5.0,1.0,2.2778918548939084,0,0,0,0,0,0,0,0,0,1,0,49315
22.0,21.0,9.0,5.0,0.0,1.4236824093086926,0,0,0,0,0,0,0,0,0,0,1,49831
25.0,30.0,0.0,2.0,1.0,3.162217659137577,0,0,0,0,0,0,0,0,1,0,0,48602
25.0,23.0,7.0,5.0,2.0,2.108145106091718,0,0,0,0,0,0,0,0,0,0,0,40946
24.0,26.0,4.0,5.0,2.0,1.5824777549623545,1,0,0,0,0,0,0,0,1,0,0,40704
23.0,28.0,2.0,4.0,0.0,2.379192334017796,0,0,0,0,0,0,0,0,0,0,1,41020
21.0,27.0,3.0,4.0,0.0,2.2340862422997945,0,0,0,0,0,0,0,0,1,0,0,43393
25.0,29.0,1.0,3.0,3.0,1.864476386036961,0,0,0,0,0,0,0,0,0,0,1,44251
23.0,20.0,10.0,4.0,0.0,2.737850787132101,0,0,0,0,0,0,1,0,0,0,0,42538
25.0,25.0,5.0,3.0,0.0,4.125941136208077,1,0,0,0,1,0,0,0,0,1,0,58290
25.0,22.0,8.0,5.0,2.0,2.565366187542779,0,0,0,0,0,0,0,0,0,0,0,42666
25.0,25.0,5.0,2.0,3.0,1.4729637234770705,1,0,0,0,0,0,0,0,0,1,0,42830
22.0,26.0,4.0,2.0,0.0,3.2197125256673513,1,0,0,0,0,0,0,0,1,0,0,47846
25.0,23.0,7.0,3.0,0.0,4.361396303901437,1,0,0,0,1,0,0,0,1,0,0,51509
23.0,23.0,7.0,2.0,1.0,1.6372347707049966,1,0,0,0,0,0,0,1,0,0,0,40414
22.0,17.0,13.0,5.0,0.0,3.2114989733059547,0,0,0,0,0,0,0,0,0,1,0,45229
26.0,17.0,13.0,2.0,1.0,4.010951403148528,1,0,0,0,1,0,0,0,0,0,0,58619
26.0,20.0,10.0,2.0,4.0,1.5496235455167693,0,0,0,0,1,0,0,0,1,0,0,69716
32.0,27.0,3.0,5.0,6.0,4.991101984941821,1,0,0,1,0,0,1,0,0,0,0,137754
24.0,19.0,11.0,2.0,1.0,2.3326488706365502,0,0,0,0,0,0,1,0,0,0,0,49183
26.0,23.0,7.0,2.0,0.0,3.978097193702943,1,0,0,0,1,0,0,0,0,1,0,54573
21.0,19.0,11.0,5.0,0.0,3.477070499657769,1,0,0,0,0,0,0,0,0,1,0,44146
22.0,27.0,3.0,2.0,0.0,1.943874058863792,0,0,0,0,0,0,0,0,0,0,0,43569
24.0,17.0,13.0,3.0,1.0,2.732375085557837,1,0,0,0,0,0,0,0,0,1,0,41290
30.0,30.0,0.0,4.0,4.0,3.1266255989048597,0,1,0,0,0,0,0,0,1,0,0,92184
22.0,20.0,10.0,3.0,0.0,2.406570841889117,1,0,0,0,0,0,0,0,0,0,0,41032
27.0,16.0,14.0,4.0,3.0,3.263518138261465,0,0,0,0,1,0,0,0,1,0,0,69643
25.0,25.0,5.0,5.0,2.0,2.086242299794661,1,0,0,0,0,0,1,0,0,0,0,40786
21.0,27.0,3.0,4.0,0.0,2.965092402464066,1,0,0,0,0,0,0,0,0,0,1,46580
24.0,22.0,8.0,3.0,2.0,1.5989048596851472,1,0,0,0,0,0,0,1,0,0,0,41287
21.0,25.0,5.0,3.0,0.0,1.839835728952772,0,0,0,0,0,0,1,0,0,0,0,48283
25.0,22.0,8.0,2.0,3.0,1.623545516769336,0,0,0,0,0,0,0,1,0,0,0,44202
31.0,15.0,15.0,2.0,8.0,1.9603011635865846,1,1,0,0,0,0,0,0,0,0,0,80367
27.0,30.0,0.0,2.0,3.0,3.57015742642026,0,0,0,0,1,0,0,0,0,0,0,57913
23.0,17.0,13.0,2.0,0.0,3.3045859000684463,1,0,0,0,0,0,0,1,0,0,0,45551
23.0,17.0,13.0,2.0,0.0,2.7789185489390826,0,0,0,0,0,0,0,0,0,1,0,47681
21.0,29.0,1.0,2.0,0.0,2.138261464750171,1,0,0,0,0,0,0,0,1,0,0,42822
23.0,25.0,5.0,4.0,1.0,1.6837782340862424,1,0,0,0,0,0,0,0,0,0,0,45949
29.0,26.0,4.0,5.0,0.0,4.435318275154004,1,1,0,0,0,0,0,0,0,0,1,70823
25.0,15.0,15.0,5.0,0.0,2.220396988364134,1,0,0,0,1,0,0,0,1,0,0,68290
33.0,26.0,4.0,3.0,6.0,2.431211498973306,0,0,0,1,0,0,0,1,0,0,0,117354
21.0,30.0,0.0,4.0,0.0,2.9048596851471595,1,0,0,0,0,0,0,1,0,0,0,49380
22.0,23.0,7.0,5.0,0.0,3.0061601642710474,1,0,0,0,0,0,0,0,0,0,0,40992
25.0,21.0,9.0,5.0,2.0,2.16290212183436,1,0,0,0,0,0,0,0,0,0,0,41734
24.0,20.0,10.0,2.0,1.0,2.3655030800821355,0,0,0,0,0,0,0,0,0,0,1,41904
24.0,15.0,15.0,2.0,2.0,1.891854893908282,1,0,0,0,0,0,0,1,0,0,0,44557
25.0,15.0,15.0,5.0,2.0,2.0588637919233403,1,0,0,0,0,0,1,0,0,0,0,43794
28.0,27.0,3.0,5.0,4.0,2.193018480492813,0,0,0,0,1,0,0,0,1,0,0,60155
32.0,17.0,13.0,4.0,3.0,4.980150581793292,1,1,0,0,0,0,0,0,0,0,1,99130
21.0,27.0,3.0,4.0,0.0,3.3648186173853527,1,0,0,0,0,0,1,0,0,0,0,49666
21.0,28.0,2.0,2.0,0.0,3.14031485284052,1,0,0,0,0,0,0,0,0,0,1,44693
22.0,25.0,5.0,5.0,0.0,1.4209445585215605,0,0,0,0,0,0,0,0,0,0,1,43159
31.0,16.0,14.0,5.0,3.0,4.692676249144422,0,1,0,0,0,0,0,0,0,0,0,96276
24.0,22.0,8.0,3.0,1.0,2.64476386036961,1,0,0,0,0,0,1,0,0,0,0,41920
35.0,16.0,14.0,4.0,10.0,4.7939767282683095,1,0,0,0,0,1,0,1,0,0,0,176158
24.0,30.0,0.0,3.0,1.0,2.4941820670773445,1,0,0,0,0,0,0,0,0,1,0,42527
32.0,26.0,4.0,3.0,6.0,3.477070499657769,1,1,0,0,0,0,0,1,0,0,0,75288
21.0,19.0,11.0,2.0,0.0,1.45927446954141,0,0,0,0,0,0,0,0,0,0,0,44193
35.0,21.0,9.0,5.0,12.0,1.648186173853525,0,0,0,0,0,1,1,0,0,0,0,151903
24.0,17.0,13.0,4.0,0.0,3.4743326488706368,1,0,0,0,0,0,1,0,0,0,0,40267
22.0,26.0,4.0,4.0,0.0,1.7932922655715264,0,0,0,0,0,0,0,1,0,0,0,43835
21.0,30.0,0.0,3.0,0.0,2.195756331279945,1,0,0,0,0,0,1,0,0,0,0,49247
25.0,24.0,6.0,2.0,1.0,3.14031485284052,0,0,0,0,0,0,1,0,0,0,0,48762
26.0,16.0,14.0,4.0,4.0,1.78507871321013,0,0,0,0,1,0,0,0,0,0,0,51441
24.0,23.0,7.0,5.0,1.0,2.455852156057495,0,0,0,0,0,0,0,0,0,1,0,43900
21.0,24.0,6.0,2.0,0.0,1.7494866529774127,0,0,0,0,0,0,0,0,1,0,0,46438
21.0,29.0,1.0,4.0,0.0,1.9794661190965093,0,0,0,0,0,0,0,0,1,0,0,45185
24.0,17.0,13.0,2.0,2.0,1.73305954825462,0,0,0,0,0,0,0,0,0,0,1,45507
25.0,29.0,1.0,2.0,0.0,3.1184120465434635,1,0,0,0,1,0,0,0,0,0,0,58428
24.0,23.0,7.0,5.0,1.0,2.817248459958932,0,0,0,0,0,0,0,1,0,0,0,41380
32.0,23.0,7.0,4.0,6.0,2.7132101300479126,1,1,0,0,0,0,1,0,0,0,0,83066
25.0,22.0,8.0,3.0,2.0,2.0506502395619437,0,0,0,0,0,0,0,0,0,0,1,43355
21.0,28.0,2.0,4.0,0.0,1.9329226557152634,1,0,0,0,0,0,1,0,0,0,0,43620
25.0,17.0,13.0,3.0,2.0,2.6557152635181382,1,0,0,0,0,0,1,0,0,0,0,41866
25.0,23.0,7.0,5.0,0.0,3.597535934291581,0,0,0,0,1,0,0,0,0,0,1,62791
21.0,22.0,8.0,3.0,0.0,2.078028747433265,0,0,0,0,0,0,0,0,0,0,1,47431
22.0,25.0,5.0,3.0,0.0,1.7111567419575633,0,0,0,0,0,0,0,0,0,0,1,45518
28.0,18.0,12.0,2.0,6.0,1.8590006844626967,1,1,0,0,0,0,0,0,0,0,0,86231
26.0,26.0,4.0,5.0,0.0,1.5742642026009583,1,0,0,0,1,0,0,0,0,1,0,64540
22.0,27.0,3.0,4.0,0.0,2.9897330595482545,1,0,0,0,0,0,0,0,0,0,1,42013
21.0,28.0,2.0,5.0,0.0,2.0643394934976045,0,0,0,0,0,0,1,0,0,0,0,45225
24.0,24.0,6.0,3.0,1.0,2.0944558521560577,1,0,0,0,0,0,1,0,0,0,0,43031
21.0,27.0,3.0,2.0,0.0,2.9568788501026693,1,0,0,0,0,0,0,0,1,0,0,41741
21.0,21.0,9.0,3.0,0.0,3.0965092402464065,1,0,0,0,0,0,0,1,0,0,0,46616
22.0,20.0,10.0,2.0,0.0,2.3436002737850785,1,0,0,0,0,0,0,0,0,0,1,45364
22.0,29.0,1.0,3.0,0.0,1.8124572210814511,0,0,0,0,0,0,0,0,0,0,0,41887
23.0,17.0,13.0,2.0,1.0,1.5496235455167693,1,0,0,0,0,0,0,1,0,0,0,47629
23.0,25.0,5.0,2.0,1.0,1.7796030116358659,1,0,0,0,0,0,0,0,0,0,0,48302
21.0,21.0,9.0,3.0,0.0,2.9349760438056127,0,0,0,0,0,0,0,0,0,0,0,42751
24.0,17.0,13.0,5.0,1.0,2.954140999315537,0,0,0,0,0,0,0,0,0,0,1,43540
22.0,22.0,8.0,4.0,0.0,3.403148528405202,1,0,0,0,0,0,0,0,0,1,0,46247
25.0,20.0,10.0,3.0,0.0,3.7946611909650922,1,0,0,0,1,0,0,0,0,0,0,61368
22.0,29.0,1.0,5.0,0.0,3.058179329226557,1,0,0,0,0,0,1,0,0,0,0,42384
25.0,25.0,5.0,2.0,1.0,3.0636550308008212,0,0,0,0,0,0,0,0,0,1,0,44318
23.0,17.0,13.0,2.0,0.0,2.439425051334702,0,0,0,0,0,0,0,0,1,0,0,48102
27.0,22.0,8.0,4.0,0.0,3.6276522929500343,0,0,0,0,1,0,1,0,0,0,0,65594
21.0,21.0,9.0,4.0,0.0,3.247091033538672,1,0,0,0,0,0,0,0,0,1,0,43939
21.0,15.0,15.0,2.0,0.0,1.9329226557152634,0,0,0,0,0,0,0,0,0,0,1,49799
24.0,18.0,12.0,2.0,2.0,1.5003422313483916,0,0,0,0,0,0,0,0,0,1,0,44594
23.0,27.0,3.0,2.0,0.0,3.060917180013689,0,0,0,0,0,0,1,0,0,0,0,48730
26.0,18.0,12.0,5.0,0.0,4.219028062970568,1,0,0,0,1,0,1,0,0,0,0,62533
29.0,21.0,9.0,4.0,1.0,4.618754277891855,1,1,0,0,0,0,1,0,0,0,0,96909
24.0,22.0,8.0,4.0,1.0,2.965092402464066,1,0,0,0,0,0,0,0,0,0,0,48181
23.0,29.0,1.0,4.0,0.0,2.5817932922655715,0,0,0,0,0,0,0,0,0,0,1,45123
24.0,17.0,13.0,2.0,0.0,3.2087611225188226,0,0,0,0,0,0,0,0,0,0,0,42897
23.0,27.0,3.0,5.0,0.0,2.329911019849418,0,0,0,0,0,0,0,0,0,1,0,43288
32.0,16.0,14.0,3.0,5.0,2.8939082819986313,0,1,0,0,0,0,0,0,1,0,0,78556
39.0,30.0,0.0,5.0,13.0,3.693360711841205,1,0,0,0,0,1,0,0,0,0,0,190626
21.0,15.0,15.0,3.0,0.0,1.949349760438056,0,0,0,0,0,0,0,0,1,0,0,43428
22.0,28.0,2.0,5.0,0.0,3.0855578370978782,1,0,0,0,0,0,0,0,0,1,0,44787
21.0,29.0,1.0,5.0,0.0,2.43668720054757,0,0,0,0,0,0,0,0,0,0,1,47315
24.0,22.0,8.0,3.0,1.0,1.995893223819302,0,0,0,0,0,0,0,1,0,0,0,49670
24.0,25.0,5.0,5.0,2.0,1.6509240246406571,1,0,0,0,0,0,0,0,1,0,0,49866
31.0,25.0,5.0,4.0,6.0,1.6016427104722792,1,1,0,0,0,0,0,0,0,0,1,93715
23.0,28.0,2.0,4.0,1.0,1.51129363449692,0,0,0,0,0,0,0,0,0,0,0,46347
21.0,22.0,8.0,5.0,0.0,1.7631759069130732,1,0,0,0,0,0,0,0,0,0,0,49905
21.0,18.0,12.0,2.0,0.0,2.127310061601643,0,0,0,0,0,0,1,0,0,0,0,44993
25.0,24.0,6.0,3.0,3.0,1.6098562628336757,0,0,0,0,0,0,0,0,0,1,0,42112
25.0,18.0,12.0,5.0,3.0,1.7768651608487338,0,0,0,0,0,0,0,0,1,0,0,41956
38.0,19.0,11.0,4.0,9.0,4.531143052703627,0,0,0,0,0,1,0,0,0,1,0,193621
38.0,16.0,14.0,2.0,12.0,5.270362765229295,1,0,0,0,0,1,0,1,0,0,0,154106
24.0,28.0,2.0,5.0,2.0,1.6974674880219027,1,0,0,0,0,0,0,0,0,0,0,46251
27.0,20.0,10.0,5.0,3.0,2.951403148528405,0,0,0,0,1,0,0,1,0,0,0,54048
38.0,18.0,12.0,4.0,11.0,4.317590691307323,0,0,0,0,0,1,0,0,0,1,0,172445
24.0,29.0,1.0,3.0,2.0,1.4373716632443532,0,0,0,0,0,0,0,0,1,0,0,46509
25.0,15.0,15.0,3.0,2.0,2.759753593429158,0,0,0,0,0,0,1,0,0,0,0,46767
25.0,24.0,6.0,4.0,3.0,1.6974674880219027,1,0,0,0,0,0,0,0,0,0,0,44011
24.0,29.0,1.0,3.0,1.0,1.9849418206707734,0,0,0,0,0,0,0,0,0,0,1,43638
28.0,24.0,6.0,2.0,2.0,3.2114989733059547,0,0,0,0,1,0,0,0,0,0,1,51184
21.0,29.0,1.0,2.0,0.0,2.7761806981519506,1,0,0,0,0,0,0,0,0,1,0,47668
25.0,28.0,2.0,5.0,3.0,1.5770020533880904,1,0,0,0,0,0,0,0,0,0,1,45977
22.0,17.0,13.0,2.0,0.0,2.324435318275154,1,0,0,0,0,0,1,0,0,0,0,40808
22.0,29.0,1.0,3.0,0.0,3.154004106776181,0,0,0,0,0,0,0,0,0,0,0,44100
23.0,28.0,2.0,2.0,0.0,2.3436002737850785,0,0,0,0,0,0,0,0,0,1,0,42195
25.0,23.0,7.0,4.0,1.0,3.07460643394935,1,0,0,0,0,0,0,0,0,1,0,44664
23.0,30.0,0.0,3.0,0.0,2.650239561943874,0,0,0,0,0,0,0,1,0,0,0,46927
29.0,26.0,4.0,5.0,2.0,2.6119096509240247,0,1,0,0,0,0,0,0,0,0,1,84840
25.0,22.0,8.0,3.0,3.0,1.5824777549623545,1,0,0,0,0,0,0,0,0,0,0,49953
25.0,28.0,2.0,5.0,3.0,1.8781656399726214,0,0,0,0,0,0,0,0,0,1,0,49492
25.0,26.0,4.0,5.0,2.0,2.617385352498289,0,0,0,0,0,0,0,0,0,0,0,44620
24.0,25.0,5.0,3.0,1.0,2.6913073237508556,1,0,0,0,0,0,0,0,0,1,0,40567
25.0,28.0,2.0,5.0,1.0,3.0636550308008212,1,0,0,0,0,0,1,0,0,0,0,42306
24.0,29.0,1.0,5.0,2.0,1.4757015742642026,0,0,0,0,0,0,0,0,0,0,0,44795
26.0,28.0,2.0,3.0,1.0,2.537987679671458,0,0,0,0,1,0,0,1,0,0,0,62672
24.0,20.0,10.0,4.0,2.0,1.4483230663928817,1,0,0,0,0,0,0,0,0,0,1,41386
22.0,17.0,13.0,3.0,0.0,2.4476386036960984,0,0,0,0,0,0,0,1,0,0,0,48860
27.0,26.0,4.0,4.0,4.0,2.1409993155373033,1,0,0,0,1,0,1,0,0,0,0,57569
22.0,29.0,1.0,4.0,0.0,2.7816563997262147,0,0,0,0,0,0,0,0,0,0,0,48624
25.0,19.0,11.0,3.0,2.0,2.915811088295688,1,0,0,0,0,0,0,0,0,0,1,43833
24.0,17.0,13.0,2.0,1.0,2.2642026009582477,1,0,0,0,0,0,0,0,0,0,0,43949
33.0,29.0,1.0,2.0,7.0,2.113620807665982,1,0,0,1,0,0,0,1,0,0,0,105657
25.0,28.0,2.0,5.0,1.0,3.049965776865161,0,0,0,0,0,0,0,0,1,0,0,44343
23.0,30.0,0.0,2.0,1.0,1.4483230663928817,1,0,0,0,0,0,0,0,0,1,0,44820
21.0,19.0,11.0,4.0,0.0,3.1047227926078027,0,0,0,0,0,0,0,1,0,0,0,47336
25.0,21.0,9.0,5.0,2.0,2.510609171800137,1,0,0,0,0,0,1,0,0,0,0,46697
31.0,24.0,6.0,2.0,3.0,3.0198494182067077,1,1,0,0,0,0,0,0,0,0,1,73190
22.0,23.0,7.0,2.0,0.0,2.6365503080082138,0,0,0,0,0,0,0,0,0,0,0,40395
21.0,18.0,12.0,3.0,0.0,2.7679671457905544,1,0,0,0,0,0,0,0,1,0,0,49632
24.0,18.0,12.0,2.0,2.0,1.6125941136208077,1,0,0,0,0,0,0,0,0,0,0,44576
22.0,27.0,3.0,2.0,0.0,2.42299794661191,0,0,0,0,0,0,1,0,0,0,0,45450
24.0,20.0,10.0,5.0,1.0,2.1245722108145104,0,0,0,0,0,0,1,0,0,0,0,43461
22.0,16.0,14.0,2.0,0.0,2.401095140314853,0,0,0,0,0,0,0,0,0,1,0,49634
24.0,20.0,10.0,5.0,0.0,3.359342915811088,1,0,0,0,0,0,0,1,0,0,0,42266
23.0,21.0,9.0,3.0,1.0,1.6399726214921286,0,0,0,0,0,0,0,0,1,0,0,41786
21.0,19.0,11.0,4.0,0.0,2.2642026009582477,0,0,0,0,0,0,0,0,0,0,0,42129
32.0,18.0,12.0,3.0,4.0,3.7946611909650922,1,0,0,1,0,0,0,0,0,0,0,130328
25.0,27.0,3.0,4.0,2.0,2.639288158795346,1,0,0,0,0,0,0,0,0,0,0,43352
24.0,18.0,12.0,4.0,1.0,2.7871321013004793,0,0,0,0,0,0,0,1,0,0,0,43121
22.0,18.0,12.0,5.0,0.0,2.0725530458590007,0,0,0,0,0,0,0,0,0,0,0,44675
21.0,16.0,14.0,4.0,0.0,3.482546201232033,0,0,0,0,0,0,0,0,0,1,0,40551
21.0,28.0,2.0,3.0,0.0,3.3921971252566734,0,0,0,0,0,0,1,0,0,0,0,46597
25.0,19.0,11.0,5.0,2.0,2.212183436002738,1,0,0,0,0,0,0,0,0,1,0,46844
26.0,22.0,8.0,3.0,2.0,1.45927446954141,0,0,0,0,1,0,0,0,0,0,0,64193
23.0,22.0,8.0,2.0,0.0,2.088980150581793,0,0,0,0,0,0,0,0,0,0,0,47376
22.0,16.0,14.0,3.0,0.0,2.412046543463381,0,0,0,0,0,0,1,0,0,0,0,43132
25.0,19.0,11.0,3.0,1.0,3.266255989048597,1,0,0,0,0,0,0,0,0,1,0,42064
31.0,27.0,3.0,5.0,5.0,5.327857631759069,1,1,0,0,0,0,0,0,0,1,0,98715
29.0,30.0,0.0,3.0,7.0,1.4455852156057496,1,1,0,0,0,0,0,0,0,0,1,95039
24.0,29.0,1.0,3.0,1.0,2.5270362765229293,0,0,0,0,0,0,0,0,1,0,0,41676
25.0,29.0,1.0,2.0,2.0,2.0561259411362083,1,0,0,0,0,0,0,0,0,0,1,47692
21.0,25.0,5.0,2.0,0.0,3.375770020533881,0,0,0,0,0,0,0,0,0,0,1,40684
21.0,27.0,3.0,2.0,0.0,2.485968514715948,1,0,0,0,0,0,0,0,0,0,0,41930
21.0,22.0,8.0,4.0,0.0,1.7193702943189597,0,0,0,0,0,0,0,0,0,1,0,44513
21.0,29.0,1.0,4.0,0.0,3.430527036276523,1,0,0,0,0,0,0,0,1,0,0,48948
28.0,22.0,8.0,3.0,1.0,3.9890485968514717,1,0,0,0,1,0,0,0,0,0,0,52739
28.0,28.0,2.0,2.0,5.0,2.108145106091718,0,0,0,0,1,0,0,1,0,0,0,51640
23.0,27.0,3.0,2.0,1.0,1.5249828884325805,0,0,0,0,0,0,0,0,0,1,0,40324
27.0,16.0,14.0,2.0,0.0,3.8165639972621492,1,0,0,0,1,0,0,0,1,0,0,69231
22.0,25.0,5.0,2.0,0.0,1.5304585900068446,1,0,0,0,0,0,0,0,1,0,0,43113
30.0,18.0,12.0,5.0,6.0,2.0177960301163584,0,1,0,0,0,0,0,1,0,0,0,98057
22.0,15.0,15.0,4.0,0.0,2.507871321013005,1,0,0,0,0,0,1,0,0,0,0,48854
22.0,25.0,5.0,2.0,0.0,2.3928815879534566,0,0,0,0,0,0,0,0,0,0,1,46543
24.0,22.0,8.0,2.0,1.0,2.2778918548939084,1,0,0,0,0,0,1,0,0,0,0,46726
21.0,20.0,10.0,3.0,0.0,2.0424366872005475,0,0,0,0,0,0,0,0,0,0,0,40318
21.0,29.0,1.0,2.0,0.0,1.8535249828884326,0,0,0,0,0,0,0,0,0,0,1,40271
25.0,27.0,3.0,5.0,2.0,2.5270362765229293,1,0,0,0,0,0,0,1,0,0,0,43474
32.0,25.0,5.0,3.0,5.0,2.595482546201232,0,1,0,0,0,0,0,0,0,1,0,91035
24.0,18.0,12.0,5.0,1.0,2.5626283367556466,0,0,0,0,0,0,0,0,0,0,0,45174
24.0,16.0,14.0,5.0,2.0,1.8672142368240932,0,0,0,0,0,0,1,0,0,0,0,45252
27.0,16.0,14.0,2.0,0.0,3.3155373032169746,0,0,0,0,1,0,1,0,0,0,0,60352
23.0,26.0,4.0,3.0,0.0,3.2032854209445585,1,0,0,0,0,0,0,1,0,0,0,42925
25.0,28.0,2.0,3.0,1.0,3.351129363449692,0,0,0,0,0,0,0,1,0,0,0,44618
22.0,24.0,6.0,4.0,0.0,2.516084873374401,0,0,0,0,0,0,0,1,0,0,0,49592
25.0,16.0,14.0,2.0,2.0,2.529774127310062,1,0,0,0,0,0,0,1,0,0,0,45319
22.0,28.0,2.0,2.0,0.0,2.409308692676249,0,0,0,0,0,0,0,0,0,0,1,49744
25.0,26.0,4.0,4.0,0.0,3.1813826146475015,0,0,0,0,1,0,0,1,0,0,0,59115
24.0,23.0,7.0,4.0,0.0,3.0691307323750854,1,0,0,0,0,0,0,0,0,0,0,43875
25.0,29.0,1.0,3.0,1.0,3.2854209445585214,1,0,0,0,0,0,0,0,0,1,0,42400
24.0,15.0,15.0,5.0,1.0,2.3709787816563996,0,0,0,0,0,0,0,0,0,0,0,45963
24.0,22.0,8.0,4.0,1.0,2.4914442162902124,1,0,0,0,0,0,0,0,0,0,1,41679
25.0,15.0,15.0,5.0,3.0,1.4729637234770705,1,0,0,0,0,0,1,0,0,0,0,41583
31.0,19.0,11.0,3.0,5.0,3.62217659137577,1,1,0,0,0,0,0,0,1,0,0,86669
21.0,29.0,1.0,5.0,0.0,1.541409993155373,1,0,0,0,0,0,0,0,0,1,0,41854
21.0,20.0,10.0,3.0,0.0,2.3983572895277208,0,0,0,0,0,0,1,0,0,0,0,48587
25.0,22.0,8.0,3.0,1.0,3.0171115674195756,1,0,0,0,0,0,0,0,0,1,0,49894
22.0,18.0,12.0,2.0,0.0,3.1293634496919918,1,0,0,0,0,0,1,0,0,0,0,45528
22.0,16.0,14.0,2.0,0.0,2.757015742642026,1,0,0,0,0,0,0,1,0,0,0,44163
21.0,16.0,14.0,5.0,0.0,1.946611909650924,1,0,0,0,0,0,0,0,0,0,0,40882
22.0,21.0,9.0,2.0,0.0,3.2114989733059547,1,0,0,0,0,0,0,0,0,0,0,41760
21.0,22.0,8.0,2.0,0.0,1.5824777549623545,1,0,0,0,0,0,0,0,0,0,1,44160
25.0,22.0,8.0,2.0,2.0,2.757015742642026,1,0,0,0,0,0,1,0,0,0,0,47849
25.0,28.0,2.0,3.0,3.0,1.834360027378508,1,0,0,0,0,0,0,1,0,0,0,47477
24.0,23.0,7.0,5.0,0.0,3.2799452429842573,0,0,0,0,0,0,0,1,0,0,0,40950
22.0,25.0,5.0,4.0,0.0,2.0369609856262834,1,0,0,0,0,0,0,1,0,0,0,43228
30.0,20.0,10.0,4.0,5.0,4.057494866529774,1,1,0,0,0,0,0,0,0,0,0,98716
24.0,28.0,2.0,4.0,1.0,2.2340862422997945,1,0,0,0,0,0,0,1,0,0,0,41846
22.0,18.0,12.0,4.0,0.0,3.3976728268309375,0,0,0,0,0,0,0,0,1,0,0,44005
28.0,21.0,9.0,5.0,0.0,3.1019849418206706,0,0,0,0,1,0,0,1,0,0,0,69841
24.0,22.0,8.0,5.0,1.0,2.8501026694045173,0,0,0,0,0,0,0,1,0,0,0,40961
23.0,21.0,9.0,3.0,0.0,3.405886379192334,1,0,0,0,0,0,0,1,0,0,0,40411
32.0,29.0,1.0,2.0,4.0,5.152635181382615,1,0,0,1,0,0,0,0,1,0,0,140916
26.0,17.0,13.0,2.0,0.0,3.460643394934976,0,0,0,0,1,0,0,1,0,0,0,68026
22.0,22.0,8.0,2.0,0.0,2.2669404517453797,0,0,0,0,0,0,0,0,1,0,0,47945
25.0,30.0,0.0,2.0,1.0,3.4113620807665983,0,0,0,0,0,0,0,1,0,0,0,48353
23.0,15.0,15.0,4.0,0.0,2.647501711156742,1,0,0,0,0,0,0,0,0,1,0,48479
23.0,17.0,13.0,2.0,1.0,1.8124572210814511,0,0,0,0,0,0,0,0,1,0,0,41312
23.0,23.0,7.0,4.0,0.0,3.077344284736482,1,0,0,0,0,0,0,0,0,0,1,46985
25.0,15.0,15.0,4.0,1.0,3.0198494182067077,1,0,0,0,0,0,0,0,0,1,0,48536
25.0,17.0,13.0,4.0,2.0,2.401095140314853,0,0,0,0,0,0,0,0,0,1,0,40161
27.0,18.0,12.0,5.0,0.0,4.402464065708419,0,0,0,0,1,0,0,0,0,0,1,61742
23.0,24.0,6.0,4.0,1.0,1.4948665297741273,1,0,0,0,0,0,1,0,0,0,0,45084
23.0,21.0,9.0,5.0,0.0,2.8062970568104038,0,0,0,0,0,0,0,0,0,0,1,46601
21.0,27.0,3.0,2.0,0.0,2.001368925393566,0,0,0,0,0,0,1,0,0,0,0,45316
21.0,17.0,13.0,2.0,0.0,2.4914442162902124,1,0,0,0,0,0,0,0,1,0,0,45895
21.0,23.0,7.0,3.0,0.0,1.83709787816564,0,0,0,0,0,0,0,1,0,0,0,45411
25.0,19.0,11.0,3.0,3.0,1.516769336071184,0,0,0,0,0,0,0,0,0,1,0,48263
25.0,23.0,7.0,2.0,3.0,1.5030800821355237,1,0,0,0,0,0,0,1,0,0,0,42070
22.0,25.0,5.0,3.0,0.0,2.1546885694729636,0,0,0,0,0,0,1,0,0,0,0,42240
23.0,27.0,3.0,2.0,0.0,2.4695414099931554,1,0,0,0,0,0,0,1,0,0,0,45790
23.0,27.0,3.0,4.0,1.0,1.4401095140314852,1,0,0,0,0,0,0,0,1,0,0,47157
23.0,20.0,10.0,4.0,0.0,2.2751540041067764,0,0,0,0,0,0,0,0,0,0,1,49449
29.0,18.0,12.0,3.0,1.0,4.402464065708419,1,1,0,0,0,0,0,1,0,0,0,84058
23.0,20.0,10.0,5.0,0.0,2.458590006844627,1,0,0,0,0,0,0,0,0,1,0,48309
21.0,22.0,8.0,4.0,0.0,2.839151266255989,1,0,0,0,0,0,0,0,0,0,1,48155
21.0,26.0,4.0,4.0,0.0,1.8316221765913758,1,0,0,0,0,0,0,1,0,0,0,47201
23.0,18.0,12.0,3.0,0.0,3.3210130047912387,1,0,0,0,0,0,0,0,0,0,1,43777
23.0,19.0,11.0,5.0,1.0,1.9712525667351128,1,0,0,0,0,0,1,0,0,0,0,40935
25.0,18.0,12.0,5.0,0.0,2.5270362765229293,0,0,0,0,1,0,0,1,0,0,0,57064
27.0,20.0,10.0,2.0,1.0,3.0006844626967832,1,0,0,0,1,0,0,0,0,0,0,61575
25.0,24.0,6.0,3.0,2.0,2.272416153319644,0,0,0,0,0,0,0,1,0,0,0,47178
26.0,28.0,2.0,5.0,4.0,1.787816563997262,0,0,0,0,1,0,0,0,0,0,0,51655
21.0,17.0,13.0,3.0,0.0,3.2005475701574264,0,0,0,0,0,0,0,0,1,0,0,40980
21.0,21.0,9.0,3.0,0.0,2.3901437371663246,0,0,0,0,0,0,0,0,0,0,1,41257
25.0,18.0,12.0,3.0,2.0,2.7789185489390826,0,0,0,0,0,0,1,0,0,0,0,42635
21.0,25.0,5.0,5.0,0.0,3.216974674880219,0,0,0,0,0,0,0,0,0,0,0,45830
25.0,30.0,0.0,2.0,1.0,2.9897330595482545,1,0,0,0,0,0,0,0,1,0,0,47561
24.0,27.0,3.0,5.0,2.0,1.8124572210814511,0,0,0,0,0,0,0,0,0,0,1,44002
23.0,28.0,2.0,5.0,0.0,2.00684462696783,1,0,0,0,0,0,0,1,0,0,0,46137
25.0,28.0,2.0,3.0,2.0,2.4750171115674195,0,0,0,0,0,0,0,0,0,0,1,40238
35.0,20.0,10.0,4.0,8.0,4.602327173169062,0,0,0,1,0,0,0,0,1,0,0,113837
27.0,17.0,13.0,4.0,0.0,4.123203285420945,0,0,0,0,1,0,0,0,0,0,1,60085
22.0,17.0,13.0,2.0,0.0,2.74880219028063,1,0,0,0,0,0,0,0,1,0,0,46848
23.0,23.0,7.0,3.0,0.0,2.6913073237508556,0,0,0,0,0,0,0,0,0,1,0,41142
31.0,15.0,15.0,2.0,3.0,4.350444900752909,0,1,0,0,0,0,0,0,0,0,0,96757
21.0,16.0,14.0,2.0,0.0,1.5605749486652978,1,0,0,0,0,0,0,1,0,0,0,42416
24.0,23.0,7.0,2.0,0.0,3.2114989733059547,0,0,0,0,0,0,0,0,1,0,0,49029
23.0,25.0,5.0,4.0,0.0,3.468856947296372,1,0,0,0,0,0,0,0,0,0,1,44220
23.0,16.0,14.0,3.0,0.0,2.5023956194387407,0,0,0,0,0,0,0,0,1,0,0,43902
23.0,23.0,7.0,4.0,0.0,2.324435318275154,0,0,0,0,0,0,0,0,0,0,0,42455
22.0,26.0,4.0,4.0,0.0,1.4373716632443532,0,0,0,0,0,0,0,1,0,0,0,45057
22.0,16.0,14.0,2.0,0.0,1.757700205338809,1,0,0,0,0,0,0,0,0,1,0,42560
24.0,22.0,8.0,2.0,0.0,3.323750855578371,0,0,0,0,0,0,0,0,1,0,0,45722
24.0,19.0,11.0,3.0,2.0,1.8973305954825461,0,0,0,0,0,0,1,0,0,0,0,47588
24.0,16.0,14.0,2.0,1.0,2.135523613963039,0,0,0,0,0,0,0,1,0,0,0,45342
28.0,16.0,14.0,2.0,1.0,2.1464750171115674,0,0,0,0,1,0,0,1,0,0,0,65607
23.0,28.0,2.0,4.0,0.0,3.2306639288158796,1,0,0,0,0,0,0,1,0,0,0,49904
22.0,25.0,5.0,3.0,0.0,1.541409993155373,1,0,0,0,0,0,0,0,0,0,1,44103
25.0,18.0,12.0,5.0,2.0,2.086242299794661,1,0,0,0,0,0,0,0,0,0,1,41781
27.0,16.0,14.0,5.0,3.0,3.6577686516084875,1,0,0,0,1,0,0,0,0,0,0,63154
23.0,26.0,4.0,3.0,0.0,3.0444900752908968,0,0,0,0,0,0,1,0,0,0,0,47216
24.0,19.0,11.0,5.0,1.0,2.302532511978097,1,0,0,0,0,0,0,0,0,0,0,45340
25.0,25.0,5.0,5.0,3.0,1.9520876112251881,0,0,0,0,0,0,0,0,0,1,0,41580
21.0,29.0,1.0,2.0,0.0,1.626283367556468,1,0,0,0,0,0,1,0,0,0,0,48082
23.0,15.0,15.0,5.0,0.0,3.0006844626967832,1,0,0,0,0,0,0,0,0,0,1,44364
22.0,25.0,5.0,4.0,0.0,1.7221081451060918,0,0,0,0,0,0,0,0,0,1,0,45528
21.0,29.0,1.0,3.0,0.0,3.3045859000684463,1,0,0,0,0,0,0,0,0,1,0,47658
24.0,17.0,13.0,4.0,1.0,2.2806297056810405,0,0,0,0,0,0,0,1,0,0,0,49235
27.0,19.0,11.0,2.0,2.0,4.131416837782341,1,0,0,0,1,0,0,0,0,0,0,60206
22.0,28.0,2.0,4.0,0.0,1.78507871321013,1,0,0,0,0,0,0,0,0,0,0,44207
29.0,16.0,14.0,2.0,2.0,3.1211498973305956,1,1,0,0,0,0,1,0,0,0,0,76494
22.0,25.0,5.0,5.0,0.0,2.5598904859685145,0,0,0,0,0,0,0,0,0,0,1,43628
25.0,28.0,2.0,3.0,2.0,2.510609171800137,0,0,0,0,0,0,0,0,0,0,1,45674
21.0,27.0,3.0,3.0,0.0,1.6673511293634498,1,0,0,0,0,0,0,0,0,1,0,48331
22.0,20.0,10.0,5.0,0.0,3.263518138261465,1,0,0,0,0,0,1,0,0,0,0,41159
24.0,19.0,11.0,2.0,1.0,2.42299794661191,1,0,0,0,0,0,0,1,0,0,0,42667
22.0,19.0,11.0,4.0,0.0,3.3127994524298425,0,0,0,0,0,0,0,0,0,1,0,41132
25.0,15.0,15.0,4.0,2.0,2.7898699520876113,1,0,0,0,0,0,0,0,1,0,0,42776
24.0,16.0,14.0,4.0,2.0,1.8507871321013005,1,0,0,0,0,0,0,1,0,0,0,48164
26.0,29.0,1.0,2.0,0.0,4.1971252566735116,0,0,0,0,1,0,0,0,0,0,0,61956
23.0,21.0,9.0,2.0,0.0,2.524298425735797,1,0,0,0,0,0,0,1,0,0,0,40372
22.0,26.0,4.0,5.0,0.0,2.6036960985626285,0,0,0,0,0,0,0,0,0,1,0,48539
24.0,26.0,4.0,4.0,1.0,2.86652977412731,0,0,0,0,0,0,1,0,0,0,0,44069
23.0,25.0,5.0,5.0,1.0,1.700205338809035,0,0,0,0,0,0,0,0,0,0,0,47498
29.0,15.0,15.0,3.0,0.0,5.147159479808351,0,1,0,0,0,0,0,0,0,1,0,95056
27.0,23.0,7.0,4.0,4.0,1.6427104722792607,0,0,0,0,1,0,0,0,1,0,0,54643
25.0,30.0,0.0,3.0,1.0,1.5550992470910336,0,0,0,0,1,0,1,0,0,0,0,56291
24.0,29.0,1.0,3.0,1.0,2.7132101300479126,1,0,0,0,0,0,0,0,1,0,0,41845
24.0,26.0,4.0,5.0,0.0,3.3292265571526354,0,0,0,0,0,0,1,0,0,0,0,48869
25.0,25.0,5.0,2.0,3.0,1.702943189596167,1,0,0,0,0,0,0,0,0,0,1,43938
23.0,17.0,13.0,2.0,0.0,2.458590006844627,0,0,0,0,0,0,0,0,0,1,0,45715
21.0,18.0,12.0,4.0,0.0,2.7898699520876113,1,0,0,0,0,0,0,0,0,0,0,44163
25.0,15.0,15.0,2.0,2.0,2.001368925393566,1,0,0,0,0,0,0,0,0,0,1,44129
24.0,22.0,8.0,3.0,0.0,3.3374401095140316,1,0,0,0,0,0,0,0,0,0,0,48497
21.0,27.0,3.0,3.0,0.0,1.5195071868583163,1,0,0,0,0,0,1,0,0,0,0,45277
23.0,22.0,8.0,2.0,0.0,3.184120465434634,0,0,0,0,0,0,0,0,0,0,1,44014
28.0,20.0,10.0,3.0,1.0,3.5564681724845997,0,0,0,0,1,0,0,0,0,0,0,53113
24.0,24.0,6.0,5.0,0.0,3.4442162902121836,0,0,0,0,0,0,0,0,0,1,0,43605
25.0,18.0,12.0,4.0,2.0,2.0396988364134154,0,0,0,0,0,0,0,1,0,0,0,46779
37.0,16.0,14.0,3.0,10.0,2.757015742642026,0,0,0,0,0,1,0,0,1,0,0,151618
23.0,20.0,10.0,3.0,0.0,2.105407255304586,0,0,0,0,0,0,0,0,0,0,0,42160
25.0,26.0,4.0,2.0,3.0,1.45927446954141,0,0,0,0,0,0,1,0,0,0,0,48722
22.0,18.0,12.0,3.0,0.0,2.193018480492813,1,0,0,0,0,0,0,0,0,0,1,45099
22.0,25.0,5.0,2.0,0.0,2.8747433264887063,1,0,0,0,0,0,0,0,1,0,0,49974
26.0,27.0,3.0,5.0,0.0,3.052703627652293,1,0,0,0,1,0,0,0,1,0,0,67735
21.0,18.0,12.0,2.0,0.0,2.6913073237508556,1,0,0,0,0,0,0,0,0,1,0,48665
26.0,27.0,3.0,5.0,0.0,1.5824777549623545,1,0,0,0,1,0,0,0,0,0,1,64137
23.0,18.0,12.0,5.0,1.0,1.8535249828884326,1,0,0,0,0,0,0,0,0,0,1,44076
25.0,20.0,10.0,4.0,3.0,1.5195071868583163,0,0,0,0,0,0,0,0,0,0,1,44366
24.0,28.0,2.0,3.0,1.0,2.532511978097194,0,0,0,0,0,0,0,0,0,0,0,43748
21.0,16.0,14.0,3.0,0.0,1.5222450376454484,1,0,0,0,0,0,1,0,0,0,0,49393
21.0,30.0,0.0,4.0,0.0,2.724161533196441,1,0,0,0,0,0,0,0,0,0,1,48295
26.0,19.0,11.0,4.0,0.0,2.841889117043121,0,0,0,0,1,0,1,0,0,0,0,57169
28.0,24.0,6.0,2.0,1.0,2.425735797399042,1,0,0,0,1,0,1,0,0,0,0,66022
22.0,25.0,5.0,4.0,0.0,1.4154688569472964,1,0,0,0,0,0,0,0,0,0,0,40040
24.0,18.0,12.0,4.0,2.0,1.51129363449692,0,0,0,0,0,0,0,0,0,0,0,46351
23.0,17.0,13.0,4.0,0.0,3.0143737166324436,0,0,0,0,0,0,0,0,0,0,1,42847
22.0,22.0,8.0,5.0,0.0,3.132101300479124,1,0,0,0,0,0,0,0,1,0,0,48246
24.0,30.0,0.0,2.0,0.0,3.3100616016427105,1,0,0,0,0,0,0,0,0,0,1,41691
26.0,20.0,10.0,4.0,1.0,1.7248459958932238,1,0,0,0,1,0,0,0,0,1,0,66227
33.0,16.0,14.0,3.0,6.0,2.746064339493498,0,0,0,1,0,0,0,0,0,1,0,103640
23.0,29.0,1.0,2.0,1.0,1.9219712525667352,0,0,0,0,0,0,0,0,0,1,0,48148
25.0,21.0,9.0,3.0,3.0,1.8234086242299794,1,0,0,0,1,0,1,0,0,0,0,51817
21.0,22.0,8.0,4.0,0.0,2.891170431211499,1,0,0,0,0,0,0,0,0,0,0,43239
41.0,30.0,0.0,2.0,17.0,1.9904175222450375,0,0,1,0,0,0,1,0,0,0,0,234374
24.0,20.0,10.0,4.0,1.0,2.1245722108145104,0,0,0,0,0,0,0,0,0,1,0,47069
23.0,27.0,3.0,2.0,1.0,1.6427104722792607,0,0,0,0,0,0,0,0,0,1,0,48406
23.0,17.0,13.0,4.0,0.0,2.5571526351813825,1,0,0,0,0,0,0,1,0,0,0,42624
24.0,22.0,8.0,3.0,0.0,3.082819986310746,1,0,0,0,0,0,1,0,0,0,0,41728
23.0,19.0,11.0,2.0,0.0,3.3401779603011637,1,0,0,0,0,0,0,0,0,0,1,41912
26.0,26.0,4.0,4.0,1.0,4.421629021218344,1,0,0,0,1,0,0,0,0,0,1,53602
21.0,17.0,13.0,3.0,0.0,1.538672142368241,1,0,0,0,0,0,0,0,0,1,0,41124
25.0,27.0,3.0,3.0,1.0,3.455167693360712,0,0,0,0,0,0,0,0,1,0,0,40105
26.0,17.0,13.0,5.0,1.0,3.9589322381930185,1,0,0,0,1,0,0,0,1,0,0,60394
25.0,20.0,10.0,2.0,3.0,1.5797399041752225,0,0,0,0,0,0,0,0,1,0,0,40947
24.0,24.0,6.0,4.0,0.0,3.2826830937713893,0,0,0,0,0,0,0,0,1,0,0,41720
21.0,23.0,7.0,2.0,0.0,2.329911019849418,0,0,0,0,0,0,0,0,0,1,0,46370
25.0,28.0,2.0,3.0,1.0,3.0855578370978782,1,0,0,0,0,0,0,0,1,0,0,44738
24.0,23.0,7.0,3.0,1.0,2.8939082819986313,1,0,0,0,0,0,0,0,0,0,0,48414
27.0,27.0,3.0,2.0,2.0,4.347707049965777,1,0,0,0,1,0,0,0,0,1,0,51055
25.0,18.0,12.0,4.0,3.0,1.6618754277891854,1,0,0,0,0,0,1,0,0,0,0,46947
24.0,19.0,11.0,2.0,0.0,3.274469541409993,0,0,0,0,0,0,0,0,0,1,0,43597
21.0,21.0,9.0,3.0,0.0,1.9082819986310746,0,0,0,0,0,0,1,0,0,0,0,48546
22.0,29.0,1.0,3.0,0.0,2.9952087611225187,1,0,0,0,0,0,0,0,0,0,1,46074
22.0,23.0,7.0,3.0,0.0,3.030800821355236,1,0,0,0,0,0,0,0,0,1,0,43210
25.0,24.0,6.0,2.0,1.0,3.0910335386721424,1,0,0,0,0,0,0,0,1,0,0,47532
34.0,25.0,5.0,5.0,10.0,2.811772758384668,1,0,0,1,0,0,1,0,0,0,0,144573
25.0,19.0,11.0,3.0,0.0,3.756331279945243,1,0,0,0,1,0,0,0,1,0,0,61221
22.0,29.0,1.0,2.0,0.0,1.782340862422998,0,0,0,0,0,0,0,0,0,0,0,45926
25.0,16.0,14.0,4.0,2.0,2.7186858316221767,1,0,0,0,0,0,0,0,0,0,0,47477
22.0,16.0,14.0,2.0,0.0,2.0561259411362083,1,0,0,0,0,0,0,0,0,1,0,47674
28.0,30.0,0.0,4.0,3.0,3.890485968514716,0,0,0,0,1,0,0,0,0,0,0,62859
23.0,23.0,7.0,4.0,0.0,2.0616016427104724,1,0,0,0,0,0,0,0,0,0,1,49322
25.0,28.0,8.0,2.0,2.0,2.5790554414784395,0,0,0,0,0,0,0,0,0,0,1,43920
25.0,18.0,12.0,5.0,3.0,1.5989048596851472,1,0,0,0,0,0,0,0,0,0,1,41345
24.0,18.0,12.0,4.0,2.0,1.4893908281998631,1,0,0,0,0,0,0,1,0,0,0,47142
24.0,24.0,6.0,4.0,1.0,2.532511978097194,0,0,0,0,0,0,1,0,0,0,0,40406
25.0,15.0,15.0,5.0,2.0,2.858316221765914,0,0,0,0,0,0,1,0,0,0,0,40073
25.0,29.0,1.0,2.0,1.0,3.383983572895277,1,0,0,0,0,0,0,0,0,1,0,40752
21.0,22.0,8.0,3.0,0.0,1.6563997262149213,0,0,0,0,0,0,0,1,0,0,0,41962
38.0,19.0,11.0,2.0,11.0,3.485284052019165,0,0,0,0,0,1,0,0,0,0,1,187837
21.0,16.0,14.0,3.0,0.0,1.83709787816564,1,0,0,0,0,0,0,0,0,0,0,41943
23.0,27.0,3.0,4.0,0.0,3.479808350444901,0,0,0,0,0,0,0,0,0,0,1,44832
22.0,19.0,11.0,4.0,0.0,1.5633127994524298,1,0,0,0,0,0,0,0,0,0,1,44980
25.0,23.0,7.0,2.0,3.0,1.5468856947296372,1,0,0,0,0,0,1,0,0,0,0,47183
24.0,16.0,14.0,2.0,2.0,1.7467488021902806,1,0,0,0,0,0,0,0,0,1,0,43621
22.0,17.0,13.0,4.0,0.0,3.134839151266256,1,0,0,0,0,0,0,0,0,1,0,42853
25.0,29.0,1.0,2.0,3.0,1.8179329226557153,1,0,0,0,0,0,0,0,0,0,1,40231
21.0,30.0,0.0,2.0,0.0,2.6119096509240247,1,0,0,0,0,0,0,0,0,0,1,41803
21.0,19.0,11.0,4.0,0.0,2.080766598220397,0,0,0,0,0,0,0,1,0,0,0,45039
25.0,25.0,5.0,5.0,1.0,3.058179329226557,1,0,0,0,0,0,0,0,0,0,1,42637
23.0,15.0,15.0,5.0,1.0,1.6125941136208077,1,0,0,0,0,0,1,0,0,0,0,41052
26.0,15.0,15.0,2.0,3.0,2.7132101300479126,0,0,0,0,1,0,1,0,0,0,0,56300
22.0,30.0,0.0,3.0,0.0,2.316221765913758,0,0,0,0,0,0,1,0,0,0,0,41929
26.0,17.0,13.0,4.0,1.0,2.954140999315537,0,0,0,0,1,0,1,0,0,0,0,66908
26.0,25.0,5.0,5.0,4.0,1.5195071868583163,1,0,0,0,1,0,0,0,0,0,1,52198
23.0,22.0,8.0,2.0,0.0,3.1457905544147846,1,0,0,0,0,0,0,0,0,0,0,44371
25.0,20.0,10.0,5.0,1.0,3.4387405886379194,0,0,0,0,0,0,0,0,0,0,0,43893
21.0,30.0,0.0,5.0,0.0,1.8124572210814511,1,0,0,0,0,0,0,0,0,1,0,42473
25.0,28.0,2.0,3.0,2.0,2.2505133470225873,1,0,0,0,0,0,0,0,0,1,0,44882
24.0,22.0,8.0,5.0,1.0,2.704996577686516,0,0,0,0,0,0,0,0,0,0,1,40310
25.0,29.0,1.0,3.0,2.0,2.1683778234086244,0,0,0,0,0,0,0,0,0,0,0,48784
21.0,23.0,7.0,2.0,0.0,3.277207392197125,1,0,0,0,0,0,0,0,0,0,1,45830
21.0,26.0,4.0,3.0,0.0,2.943189596167009,0,0,0,0,0,0,1,0,0,0,0,43383
25.0,26.0,4.0,5.0,1.0,3.0636550308008212,0,0,0,0,0,0,0,1,0,0,0,43391
28.0,19.0,11.0,2.0,5.0,1.9110198494182067,1,0,0,0,1,0,0,0,0,1,0,52406
23.0,26.0,4.0,4.0,0.0,2.0424366872005475,1,0,0,0,0,0,0,0,0,1,0,45531
21.0,24.0,6.0,2.0,0.0,2.6940451745379876,1,0,0,0,0,0,0,1,0,0,0,42803
22.0,29.0,1.0,3.0,0.0,3.164955509924709,1,0,0,0,0,0,1,0,0,0,0,48482
26.0,26.0,4.0,4.0,0.0,3.3127994524298425,1,0,0,0,1,0,1,0,0,0,0,66184
21.0,17.0,13.0,3.0,0.0,1.9356605065023955,0,0,0,0,0,0,0,0,1,0,0,46999
24.0,18.0,12.0,5.0,1.0,2.078028747433265,1,0,0,0,0,0,0,1,0,0,0,49581
24.0,23.0,7.0,2.0,1.0,2.327173169062286,1,0,0,0,0,0,1,0,0,0,0,46820
21.0,30.0,0.0,2.0,0.0,2.836413415468857,0,0,0,0,0,0,0,1,0,0,0,43716
25.0,22.0,8.0,3.0,1.0,3.463381245722108,1,0,0,0,0,0,1,0,0,0,0,46386
31.0,18.0,12.0,2.0,6.0,2.4804928131416837,0,1,0,0,0,0,0,0,0,0,0,94836
21.0,16.0,14.0,3.0,0.0,2.1409993155373033,1,0,0,0,0,0,1,0,0,0,0,47685
25.0,29.0,1.0,5.0,0.0,3.2361396303901437,0,0,0,0,1,0,1,0,0,0,0,60778
23.0,19.0,11.0,2.0,0.0,2.0917180013689256,1,0,0,0,0,0,1,0,0,0,0,43188
23.0,30.0,0.0,2.0,0.0,2.5051334702258727,1,0,0,0,0,0,1,0,0,0,0,42481
21.0,25.0,5.0,4.0,0.0,3.1813826146475015,1,0,0,0,0,0,0,0,0,0,0,44350
23.0,22.0,8.0,4.0,0.0,2.272416153319644,0,0,0,0,0,0,0,0,0,0,1,44988
22.0,15.0,15.0,4.0,0.0,2.809034907597536,0,0,0,0,0,0,0,0,0,1,0,46510
25.0,17.0,13.0,5.0,0.0,1.7686516084873374,0,0,0,0,1,0,1,0,0,0,0,59907
21.0,19.0,11.0,3.0,0.0,2.245037645448323,0,0,0,0,0,0,0,0,0,1,0,40398
22.0,24.0,6.0,4.0,0.0,2.811772758384668,1,0,0,0,0,0,0,0,0,1,0,40417
23.0,15.0,15.0,4.0,1.0,1.8069815195071868,1,0,0,0,0,0,0,0,0,1,0,44416
28.0,20.0,10.0,3.0,1.0,2.00684462696783,0,0,0,0,1,0,0,0,0,1,0,63478
25.0,19.0,11.0,2.0,1.0,3.0417522245037647,0,0,0,0,0,0,0,0,0,1,0,43009
26.0,19.0,11.0,4.0,1.0,3.0198494182067077,0,0,0,0,1,0,0,0,0,1,0,52083
22.0,20.0,10.0,5.0,0.0,3.080082135523614,0,0,0,0,0,0,0,0,0,0,0,41580
24.0,22.0,8.0,5.0,1.0,2.6639288158795345,0,0,0,0,0,0,0,0,0,1,0,48775
33.0,15.0,15.0,2.0,6.0,4.7118412046543465,0,0,0,1,0,0,0,0,0,0,0,108665
25.0,16.0,14.0,3.0,2.0,2.3901437371663246,0,0,0,0,0,0,0,0,1,0,0,41125
25.0,26.0,4.0,4.0,3.0,1.5852156057494866,1,0,0,0,0,0,0,0,0,0,0,40636
37.0,30.0,0.0,5.0,13.0,3.4195756331279945,1,0,0,0,0,1,0,0,0,0,1,164773
22.0,29.0,1.0,5.0,0.0,3.323750855578371,1,0,0,0,0,0,0,0,1,0,0,47677
24.0,18.0,12.0,2.0,0.0,3.2306639288158796,1,0,0,0,0,0,1,0,0,0,0,48519
24.0,21.0,9.0,5.0,1.0,2.4804928131416837,0,0,0,0,0,0,0,0,0,1,0,43721
22.0,20.0,10.0,5.0,0.0,2.7104722792607805,0,0,0,0,0,0,0,0,0,0,0,47668
29.0,15.0,15.0,2.0,0.0,5.429158110882957,0,1,0,0,0,0,0,0,0,0,0,97161
24.0,17.0,13.0,5.0,1.0,2.7871321013004793,1,0,0,0,0,0,0,1,0,0,0,44145
31.0,28.0,2.0,5.0,9.0,1.6563997262149213,1,1,0,0,0,0,0,1,0,0,0,91165
39.0,23.0,7.0,4.0,11.0,3.7508555783709787,0,0,0,0,0,1,0,0,0,0,0,180778
42.0,27.0,3.0,3.0,16.0,1.4565366187542779,1,0,1,0,0,0,0,0,0,0,1,324129
24.0,19.0,11.0,3.0,2.0,1.7741273100616017,1,0,0,0,0,0,0,1,0,0,0,41531
21.0,17.0,13.0,3.0,0.0,3.247091033538672,1,0,0,0,0,0,0,0,1,0,0,45477
22.0,29.0,1.0,3.0,0.0,3.488021902806297,0,0,0,0,0,0,0,0,0,1,0,49703
22.0,29.0,1.0,5.0,0.0,2.9842573579739904,0,0,0,0,0,0,0,0,0,1,0,47892
23.0,23.0,7.0,2.0,1.0,1.7084188911704312,1,0,0,0,0,0,1,0,0,0,0,45744
21.0,16.0,14.0,4.0,0.0,3.0390143737166326,0,0,0,0,0,0,0,0,0,1,0,46076
23.0,24.0,6.0,2.0,1.0,1.6591375770020533,1,0,0,0,0,0,0,0,0,1,0,42429
26.0,22.0,8.0,5.0,3.0,2.6995208761122518,0,0,0,0,1,0,0,0,0,0,1,67051
24.0,24.0,6.0,2.0,1.0,2.6611909650924024,1,0,0,0,0,0,1,0,0,0,0,40065
21.0,29.0,1.0,5.0,0.0,2.924024640657084,0,0,0,0,0,0,0,0,0,1,0,48240
25.0,22.0,8.0,5.0,3.0,1.9000684462696784,0,0,0,0,0,0,0,0,0,1,0,49748
25.0,27.0,3.0,4.0,2.0,2.080766598220397,0,0,0,0,0,0,0,0,0,1,0,47051
